coding,meaning
1,A1BG
2,AAMDC
3,AARSD1
4,ABCA2
5,ABHD14B
6,ABL1
7,ABO
8,ABRAXAS2
9,ACAA1
10,ACADM
11,ACADSB
12,ACAN
13,ACE
14,ACE2
15,ACHE
16,ACOT13
17,ACOX1
18,ACP1
19,ACP5
20,ACP6
21,ACRBP
22,ACRV1
23,ACSL1
24,ACTA2
25,ACTN2
26,ACTN4
27,ACVRL1
28,ACY1
29,ACY3
30,ACYP1
31,ADA
32,ADA2
33,ADAM12
34,ADAM15
35,ADAM22
36,ADAM23
37,ADAM8
38,ADAM9
39,ADAMTS1
40,ADAMTS13
41,ADAMTS15
42,ADAMTS16
43,ADAMTS4
44,ADAMTS8
45,ADAMTSL2
46,ADAMTSL4
47,ADAMTSL5
48,ADCYAP1R1
49,ADD1
50,ADGRB3
51,ADGRD1
52,ADGRE1
53,ADGRE2
54,ADGRE5
55,ADGRF5
56,ADGRG1
57,ADGRG2
58,ADGRV1
59,ADH1B
60,ADH4
61,ADIPOQ
62,ADM
63,ADRA2A
64,AFAP1
65,AFM
66,AFP
67,AGBL2
68,AGER
69,AGR2
70,AGR3
71,AGRN
72,AGRP
73,AGT
74,AGXT
75,AHCY
76,AHNAK
77,AHNAK2
78,AHSA1
79,AHSG
80,AHSP
81,AIDA
82,AIF1
83,AIF1L
84,AIFM1
85,AK1
86,AK2
87,AKAP12
88,AKR1B1
89,AKR1B10
90,AKR1C4
91,AKR7L
92,AKT1S1
93,AKT2
94,AKT3
95,ALCAM
96,ALDH1A1
97,ALDH2
98,ALDH3A1
99,ALDH5A1
100,ALMS1
101,ALPI
102,ALPP
103,AMBN
104,AMBP
105,AMDHD2
106,AMFR
107,AMIGO1
108,AMIGO2
109,AMN
110,AMOT
111,AMOTL2
112,AMPD3
113,AMY1A_AMY1B_AMY1C
114,AMY2A
115,AMY2B
116,ANG
117,ANGPT1
118,ANGPT2
119,ANGPTL1
120,ANGPTL2
121,ANGPTL3
122,ANGPTL4
123,ANGPTL7
124,ANK2
125,ANKMY2
126,ANKRA2
127,ANKRD54
128,ANP32C
129,ANPEP
130,ANXA1
131,ANXA10
132,ANXA11
133,ANXA2
134,ANXA3
135,ANXA4
136,ANXA5
137,AOC1
138,AOC3
139,AP1G2
140,AP2B1
141,AP3B1
142,AP3S2
143,APBB1IP
144,APCS
145,APEX1
146,APLP1
147,APOA1
148,APOA2
149,APOA4
150,APOB
151,APOBR
152,APOC1
153,APOD
154,APOE
155,APOF
156,APOH
157,APOL1
158,APOM
159,APP
160,APPL2
161,APRT
162,ARAF
163,AREG
164,ARF6
165,ARFIP1
166,ARG1
167,ARG2
168,ARHGAP1
169,ARHGAP25
170,ARHGAP30
171,ARHGAP45
172,ARHGAP5
173,ARHGEF1
174,ARHGEF10
175,ARHGEF12
176,ARHGEF5
177,ARID3A
178,ARID4B
179,ARL13B
180,ARL2BP
181,ARMCX2
182,ARNT
183,ARNTL
184,ARSA
185,ARSB
186,ART3
187,ART5
188,ARTN
189,ASAH1
190,ASAH2
191,ASGR1
192,ASGR2
193,ASPN
194,ASPSCR1
195,ASRGL1
196,ASS1
197,ATF2
198,ATF4
199,ATG16L1
200,ATG4A
201,ATOX1
202,ATP1B1
203,ATP1B2
204,ATP1B3
205,ATP1B4
206,ATP2B4
207,ATP5F1D
208,ATP5IF1
209,ATP5PO
210,ATP6AP2
211,ATP6V1D
212,ATP6V1F
213,ATP6V1G1
214,ATP6V1G2
215,ATRAID
216,ATRN
217,ATXN10
218,ATXN2
219,ATXN2L
220,ATXN3
221,AXIN1
222,AXL
223,AZI2
224,AZU1
225,B2M
226,B3GAT3
227,B3GNT7
228,B4GALT1
229,B4GAT1
230,BABAM1
231,BACH1
232,BAG3
233,BAG4
234,BAG6
235,BAIAP2
236,BAMBI
237,BANK1
238,BAP18
239,BATF
240,BAX
241,BCAM
242,BCAN
243,BCAT1
244,BCAT2
245,BCHE
246,BCL2
247,BCL2L1
248,BCL2L11
249,BCL2L15
250,BCL7A
251,BCL7B
252,BCR
253,BDNF
254,BECN1
255,BEX3
256,BGLAP
257,BGN
258,BHLHE40
259,BHMT2
260,BID
261,BIN2
262,BIRC2
263,BLMH
264,BLNK
265,BLOC1S2
266,BLOC1S3
267,BLVRB
268,BMP10
269,BMP4
270,BMP6
271,BMPER
272,BNIP2
273,BNIP3L
274,BOC
275,BOLA1
276,BOLA2_BOLA2B
277,BPIFA2
278,BPIFB1
279,BPIFB2
280,BRAP
281,BRD1
282,BRD2
283,BRD3
284,BRDT
285,BRK1
286,BRME1
287,BRSK2
288,BSG
289,BSND
290,BST1
291,BST2
292,BTC
293,BTD
294,BTLA
295,BTN1A1
296,BTN2A1
297,BTN3A2
298,BTNL10
299,C19orf12
300,C1GALT1C1
301,C1QA
302,C1QBP
303,C1QL2
304,C1QTNF1
305,C1QTNF5
306,C1QTNF6
307,C1QTNF9
308,C1R
309,C1RL
310,C1S
311,C2
312,C2CD2L
313,C2orf69
314,C3
315,C4BPB
316,C5
317,C7
318,C7orf50
319,C8B
320,C9
321,C9orf40
322,CA1
323,CA11
324,CA12
325,CA13
326,CA14
327,CA2
328,CA3
329,CA4
330,CA5A
331,CA6
332,CA7
333,CA8
334,CA9
335,CABP2
336,CACNA1C
337,CACNA1H
338,CACNB1
339,CACNB3
340,CACYBP
341,CADPS
342,CALB1
343,CALB2
344,CALCA
345,CALCB
346,CALCOCO1
347,CALCOCO2
348,CALY
349,CAMKK1
350,CAMLG
351,CAMSAP1
352,CANT1
353,CAPG
354,CAPN3
355,CAPS
356,CARHSP1
357,CASC3
358,CASP1
359,CASP10
360,CASP2
361,CASP3
362,CASP4
363,CASP7
364,CASP8
365,CASP9
366,CASQ2
367,CAT
368,CBLIF
369,CBLN1
370,CBLN4
371,CBS
372,CBX2
373,CC2D1A
374,CCAR2
375,CCDC134
376,CCDC28A
377,CCDC50
378,CCDC80
379,CCER2
380,CCL11
381,CCL13
382,CCL14
383,CCL15
384,CCL16
385,CCL17
386,CCL18
387,CCL19
388,CCL2
389,CCL20
390,CCL21
391,CCL22
392,CCL23
393,CCL24
394,CCL25
395,CCL26
396,CCL27
397,CCL28
398,CCL3
399,CCL4
400,CCL5
401,CCL7
402,CCL8
403,CCN1
404,CCN2
405,CCN3
406,CCN4
407,CCN5
408,CCND2
409,CCNE1
410,CCS
411,CCT5
412,CD101
413,CD109
414,CD14
415,CD160
416,CD163
417,CD164
418,CD164L2
419,CD177
420,CD1C
421,CD2
422,CD200
423,CD200R1
424,CD207
425,CD209
426,CD22
427,CD226
428,CD244
429,CD248
430,CD27
431,CD274
432,CD276
433,CD28
434,CD2AP
435,CD300A
436,CD300C
437,CD300E
438,CD300LF
439,CD300LG
440,CD302
441,CD33
442,CD34
443,CD36
444,CD38
445,CD3D
446,CD3E
447,CD3G
448,CD4
449,CD40
450,CD40LG
451,CD46
452,CD48
453,CD5
454,CD55
455,CD58
456,CD59
457,CD5L
458,CD6
459,CD63
460,CD69
461,CD7
462,CD70
463,CD72
464,CD74
465,CD79B
466,CD80
467,CD82
468,CD83
469,CD84
470,CD86
471,CD8A
472,CD93
473,CD99
474,CD99L2
475,CDA
476,CDAN1
477,CDC123
478,CDC25A
479,CDC26
480,CDC27
481,CDC37
482,CDC42BPB
483,CDCP1
484,CDH1
485,CDH15
486,CDH17
487,CDH2
488,CDH22
489,CDH23
490,CDH3
491,CDH4
492,CDH5
493,CDH6
494,CDHR1
495,CDHR2
496,CDHR5
497,CDK1
498,CDK5RAP3
499,CDKL5
500,CDKN1A
501,CDKN2D
502,CDNF
503,CDON
504,CDSN
505,CEACAM1
506,CEACAM16
507,CEACAM18
508,CEACAM19
509,CEACAM20
510,CEACAM21
511,CEACAM3
512,CEACAM5
513,CEACAM6
514,CEACAM8
515,CEBPA
516,CEBPB
517,CELA2A
518,CELA3A
519,CELSR2
520,CEMIP2
521,CEND1
522,CENPF
523,CENPJ
524,CEP112
525,CEP152
526,CEP164
527,CEP170
528,CEP20
529,CEP290
530,CEP350
531,CEP43
532,CEP85
533,CERT
534,CES1
535,CES2
536,CES3
537,CETN2
538,CETN3
539,CFB
540,CFC1
541,CFD
542,CFH
543,CFHR2
544,CFHR4
545,CFHR5
546,CFI
547,CFP
548,CGA
549,CGB3_CGB5_CGB8
550,CGN
551,CGREF1
552,CHAC2
553,CHAD
554,CHCHD10
555,CHCHD6
556,CHEK2
557,CHGA
558,CHGB
559,CHI3L1
560,CHIT1
561,CHL1
562,CHM
563,CHMP1A
564,CHMP6
565,CHP1
566,CHRDL1
567,CHRDL2
568,CHRM1
569,CIAPIN1
570,CILP
571,CINP
572,CIRBP
573,CIT
574,CKAP4
575,CKB
576,CKMT1A_CKMT1B
577,CLASP1
578,CLC
579,CLEC10A
580,CLEC11A
581,CLEC12A
582,CLEC14A
583,CLEC1A
584,CLEC1B
585,CLEC2L
586,CLEC3B
587,CLEC4A
588,CLEC4C
589,CLEC4D
590,CLEC4G
591,CLEC4M
592,CLEC5A
593,CLEC6A
594,CLEC7A
595,CLGN
596,CLIC5
597,CLINT1
598,CLIP2
599,CLMP
600,CLNS1A
601,CLPP
602,CLPS
603,CLSPN
604,CLSTN1
605,CLSTN2
606,CLSTN3
607,CLTA
608,CLU
609,CLUL1
610,CMC1
611,CMIP
612,CNDP1
613,CNGB3
614,CNP
615,CNPY2
616,CNPY4
617,CNST
618,CNTF
619,CNTN1
620,CNTN2
621,CNTN3
622,CNTN4
623,CNTN5
624,CNTNAP2
625,CNTNAP4
626,COCH
627,COL15A1
628,COL18A1
629,COL1A1
630,COL24A1
631,COL28A1
632,COL2A1
633,COL3A1
634,COL4A1
635,COL4A4
636,COL5A1
637,COL6A3
638,COL9A1
639,COL9A2
640,COLEC12
641,COMMD1
642,COMMD9
643,COMP
644,COMT
645,COPB2
646,COPE
647,COQ7
648,CORO1A
649,CORO6
650,COX5B
651,COX6B1
652,CPA1
653,CPA2
654,CPA4
655,CPB1
656,CPB2
657,CPE
658,CPLX2
659,CPM
660,CPOX
661,CPPED1
662,CPQ
663,CPTP
664,CPVL
665,CPXM1
666,CPXM2
667,CR1
668,CR2
669,CRACR2A
670,CRADD
671,CREB3
672,CREBZF
673,CREG1
674,CRELD1
675,CRELD2
676,CRH
677,CRHBP
678,CRHR1
679,CRIM1
680,CRIP2
681,CRISP2
682,CRISP3
683,CRKL
684,CRLF1
685,CRNN
686,CRTAC1
687,CRTAM
688,CRTAP
689,CRX
690,CRYBB1
691,CRYBB2
692,CRYGD
693,CRYM
694,CRYZL1
695,CSDE1
696,CSF1
697,CSF1R
698,CSF2
699,CSF2RA
700,CSF2RB
701,CSF3
702,CSF3R
703,CSH1
704,CSNK1D
705,CSNK2A1
706,CSPG4
707,CSPG5
708,CSRP3
709,CST1
710,CST3
711,CST5
712,CST6
713,CST7
714,CSTB
715,CTAG1A_CTAG1B
716,CTBS
717,CTF1
718,CTHRC1
719,CTLA4
720,CTNNA1
721,CTRB1
722,CTRC
723,CTRL
724,CTSB
725,CTSC
726,CTSD
727,CTSE
728,CTSF
729,CTSH
730,CTSL
731,CTSO
732,CTSS
733,CTSV
734,CTSZ
735,CUZD1
736,CWC15
737,CX3CL1
738,CXADR
739,CXCL1
740,CXCL10
741,CXCL11
742,CXCL12
743,CXCL13
744,CXCL14
745,CXCL16
746,CXCL17
747,CXCL3
748,CXCL5
749,CXCL6
750,CXCL8
751,CXCL9
752,CYB5A
753,CYB5R2
754,CYP24A1
755,CYTH3
756,CYTL1
757,DAAM1
758,DAB2
759,DAG1
760,DAND5
761,DAPK2
762,DAPP1
763,DARS1
764,DBH
765,DBI
766,DBN1
767,DBNL
768,DCBLD2
769,DCC
770,DCDC2C
771,DCLRE1C
772,DCN
773,DCTD
774,DCTN1
775,DCTN2
776,DCTN6
777,DCTPP1
778,DCUN1D1
779,DCUN1D2
780,DCXR
781,DDA1
782,DDAH1
783,DDC
784,DDHD2
785,DDI2
786,DDR1
787,DDT
788,DDX1
789,DDX25
790,DDX39A
791,DDX4
792,DDX53
793,DDX58
794,DECR1
795,DEFA1_DEFA1B
796,DEFB103A_DEFB103B
797,DEFB104A_DEFB104B
798,DEFB116
799,DEFB118
800,DEFB4A_DEFB4B
801,DENND2B
802,DENR
803,DFFA
804,DGCR6
805,DGKA
806,DGKZ
807,DHODH
808,DHPS
809,DHRS4L2
810,DIABLO
811,DIPK1C
812,DIPK2B
813,DKK1
814,DKK3
815,DKK4
816,DKKL1
817,DLG4
818,DLGAP5
819,DLK1
820,DLL1
821,DLL4
822,DMD
823,DMP1
824,DNAJA1
825,DNAJA2
826,DNAJA4
827,DNAJB1
828,DNAJB14
829,DNAJB2
830,DNAJB6
831,DNAJB8
832,DNAJC21
833,DNAJC6
834,DNAJC9
835,DNER
836,DNLZ
837,DNM1
838,DNM3
839,DNMBP
840,DNPEP
841,DNPH1
842,DOC2B
843,DOCK9
844,DOK1
845,DOK2
846,DPEP1
847,DPEP2
848,DPP10
849,DPP4
850,DPP6
851,DPP7
852,DPT
853,DPY30
854,DRAXIN
855,DRG2
856,DSC2
857,DSCAM
858,DSG2
859,DSG3
860,DSG4
861,DTD1
862,DTNB
863,DTX2
864,DTX3
865,DTYMK
866,DUOX2
867,DUSP13
868,DUSP29
869,DUSP3
870,DUT
871,DXO
872,DYNC1H1
873,DYNLT1
874,DYNLT3
875,EBAG9
876,EBI3_IL27
877,ECE1
878,ECHDC3
879,ECHS1
880,ECI2
881,ECM1
882,ECSCR
883,EDA2R
884,EDAR
885,EDDM3B
886,EDEM2
887,EDF1
888,EDIL3
889,EDN1
890,EDNRB
891,EEF1D
892,EFCAB14
893,EFCAB2
894,EFEMP1
895,EFHD1
896,EFNA1
897,EFNA4
898,EFNB2
899,EGF
900,EGFL7
901,EGFLAM
902,EGFR
903,EGLN1
904,EHBP1
905,EHD3
906,EIF1AX
907,EIF2AK2
908,EIF2AK3
909,EIF2S2
910,EIF4B
911,EIF4E
912,EIF4EBP1
913,EIF4G1
914,EIF4G3
915,EIF5
916,EIF5A
917,ELAC1
918,ELAVL4
919,ELN
920,ELOA
921,ELOB
922,ENAH
923,ENDOU
924,ENG
925,ENO1
926,ENO2
927,ENO3
928,ENOPH1
929,ENOX2
930,ENPEP
931,ENPP2
932,ENPP5
933,ENPP6
934,ENPP7
935,ENSA
936,ENTPD2
937,ENTPD5
938,ENTPD6
939,ENTR1
940,EP300
941,EPB41L5
942,EPCAM
943,EPGN
944,EPHA1
945,EPHA10
946,EPHA2
947,EPHA4
948,EPHB4
949,EPHB6
950,EPHX2
951,EPN1
952,EPO
953,EPPK1
954,EPS8L2
955,ERBB2
956,ERBB3
957,ERBB4
958,ERBIN
959,ERC2
960,ERCC1
961,EREG
962,ERI1
963,ERMAP
964,ERN1
965,ERP29
966,ERP44
967,ERVV-1
968,ESAM
969,ESM1
970,ESPL1
971,ESR1
972,ESYT2
973,EVI2B
974,EVI5
975,EVPL
976,EXOSC10
977,EXTL1
978,EZR
979,F10
980,F11
981,F11R
982,F12
983,F13B
984,F2
985,F2R
986,F3
987,F7
988,F9
989,FABP1
990,FABP2
991,FABP3
992,FABP4
993,FABP5
994,FABP6
995,FABP9
996,FADD
997,FAM13A
998,FAM171A2
999,FAM171B
1000,FAM172A
1001,FAM20A
1002,FAM3B
1003,FAM3C
1004,FAM3D
1005,FAP
1006,FARSA
1007,FAS
1008,FASLG
1009,FBLN2
1010,FBN2
1011,FBP1
1012,FCAMR
1013,FCAR
1014,FCER1A
1015,FCER2
1016,FCGR2A
1017,FCGR2B
1018,FCGR3B
1019,FCN1
1020,FCN2
1021,FCRL1
1022,FCRL2
1023,FCRL3
1024,FCRL5
1025,FCRL6
1026,FCRLB
1027,FDX1
1028,FDX2
1029,FEN1
1030,FES
1031,FETUB
1032,FGA
1033,FGD3
1034,FGF12
1035,FGF16
1036,FGF19
1037,FGF2
1038,FGF20
1039,FGF21
1040,FGF23
1041,FGF3
1042,FGF5
1043,FGF6
1044,FGF7
1045,FGF9
1046,FGFBP1
1047,FGFBP2
1048,FGFBP3
1049,FGFR2
1050,FGFR4
1051,FGL1
1052,FGR
1053,FH
1054,FHIP2A
1055,FHIT
1056,FIS1
1057,FKBP14
1058,FKBP1B
1059,FKBP4
1060,FKBP5
1061,FKBP7
1062,FKBPL
1063,FLI1
1064,FLRT2
1065,FLT1
1066,FLT3
1067,FLT3LG
1068,FLT4
1069,FMNL1
1070,FMR1
1071,FN1
1072,FNDC1
1073,FNTA
1074,FOLH1
1075,FOLR1
1076,FOLR2
1077,FOLR3
1078,FOS
1079,FOSB
1080,FOXJ3
1081,FOXO1
1082,FOXO3
1083,FRMD4B
1084,FRMD7
1085,FRZB
1086,FSHB
1087,FST
1088,FSTL1
1089,FSTL3
1090,FTCD
1091,FUCA1
1092,FUOM
1093,FURIN
1094,FUS
1095,FUT1
1096,FUT3_FUT5
1097,FUT8
1098,FXN
1099,FXYD5
1100,FYB1
1101,FZD10
1102,FZD8
1103,GABARAP
1104,GABARAPL1
1105,GABRA4
1106,GAD1
1107,GAD2
1108,GADD45B
1109,GADD45GIP1
1110,GAGE2A
1111,GAL
1112,GALNT10
1113,GALNT2
1114,GALNT3
1115,GALNT5
1116,GALNT7
1117,GAMT
1118,GAPDH
1119,GART
1120,GAS2
1121,GAS6
1122,GASK1A
1123,GAST
1124,GATA3
1125,GATD3
1126,GBA
1127,GBP1
1128,GBP2
1129,GBP4
1130,GBP6
1131,GC
1132,GCC1
1133,GCG
1134,GCHFR
1135,GCLM
1136,GCNT1
1137,GDF15
1138,GDF2
1139,GDNF
1140,GET3
1141,GFAP
1142,GFER
1143,GFOD2
1144,GFRA1
1145,GFRA2
1146,GFRA3
1147,GFRAL
1148,GGA1
1149,GGACT
1150,GGCT
1151,GGH
1152,GGT1
1153,GGT5
1154,GH1
1155,GH2
1156,GHR
1157,GHRHR
1158,GHRL
1159,GID8
1160,GIGYF2
1161,GIMAP7
1162,GIMAP8
1163,GIP
1164,GIPC2
1165,GIPC3
1166,GIPR
1167,GIT1
1168,GJA8
1169,GKN1
1170,GLA
1171,GLB1
1172,GLI2
1173,GLIPR1
1174,GLO1
1175,GLOD4
1176,GLP1R
1177,GLRX
1178,GLRX5
1179,GLT8D2
1180,GLYR1
1181,GM2A
1182,GMFG
1183,GMPR
1184,GMPR2
1185,GNAS
1186,GNE
1187,GNGT1
1188,GNLY
1189,GNPDA1
1190,GNPDA2
1191,GOLGA3
1192,GOLM2
1193,GOPC
1194,GORASP2
1195,GOT1
1196,GP1BA
1197,GP1BB
1198,GP2
1199,GP5
1200,GP6
1201,GPA33
1202,GPC1
1203,GPC5
1204,GPD1
1205,GPHA2
1206,GPI
1207,GPIHBP1
1208,GPKOW
1209,GPNMB
1210,GPR101
1211,GPR158
1212,GPR15L
1213,GPR37
1214,GPRC5C
1215,GRAP2
1216,GRHPR
1217,GRIK2
1218,GRIN2B
1219,GRK5
1220,GRN
1221,GRP
1222,GRPEL1
1223,GRSF1
1224,GSAP
1225,GSN
1226,GSR
1227,GSTA1
1228,GSTA3
1229,GSTM4
1230,GSTP1
1231,GSTT2B
1232,GTF2IRD1
1233,GTPBP2
1234,GUCA2A
1235,GUCY2C
1236,GUK1
1237,GUSB
1238,GYS1
1239,GZMA
1240,GZMB
1241,GZMH
1242,H2AP
1243,HADH
1244,HAGH
1245,HAO1
1246,HARS1
1247,HAVCR1
1248,HAVCR2
1249,HBEGF
1250,HBQ1
1251,HBZ
1252,HCG22
1253,HCLS1
1254,HDAC8
1255,HDAC9
1256,HDDC2
1257,HDGF
1258,HDGFL2
1259,HEBP1
1260,HEG1
1261,HEPACAM2
1262,HEPH
1263,HEXIM1
1264,HGF
1265,HGFAC
1266,HGS
1267,HHEX
1268,HIF1A
1269,HIP1
1270,HIP1R
1271,HJV
1272,HK2
1273,HLA-A
1274,HLA-DRA
1275,HLA-E
1276,HMBS
1277,HMCN2
1278,HMGCL
1279,HMGCS1
1280,HMMR
1281,HMOX1
1282,HMOX2
1283,HNF1A
1284,HNMT
1285,HNRNPK
1286,HNRNPUL1
1287,HPCAL1
1288,HPGDS
1289,HPSE
1290,HRAS
1291,HRC
1292,HRG
1293,HS1BP3
1294,HS3ST3B1
1295,HS6ST1
1296,HS6ST2
1297,HSBP1
1298,HSD11B1
1299,HSD17B14
1300,HSD17B3
1301,HSDL2
1302,HSP90B1
1303,HSPA1A
1304,HSPA2
1305,HSPB1
1306,HSPB6
1307,HSPG2
1308,HTR1A
1309,HTR1B
1310,HTRA2
1311,HYAL1
1312,HYOU1
1313,ICA1
1314,ICAM1
1315,ICAM2
1316,ICAM3
1317,ICAM4
1318,ICAM5
1319,ICOSLG
1320,ID4
1321,IDI2
1322,IDO1
1323,IDS
1324,IDUA
1325,IFI30
1326,IFIT1
1327,IFIT3
1328,IFNAR1
1329,IFNG
1330,IFNGR1
1331,IFNGR2
1332,IFNL1
1333,IFNL2
1334,IFNLR1
1335,IFNW1
1336,IFT20
1337,IGBP1
1338,IGDCC3
1339,IGDCC4
1340,IGF1R
1341,IGF2BP3
1342,IGF2R
1343,IGFBP1
1344,IGFBP2
1345,IGFBP3
1346,IGFBP4
1347,IGFBP6
1348,IGFBP7
1349,IGFBPL1
1350,IGFL4
1351,IGHMBP2
1352,IGLC2
1353,IGLON5
1354,IGSF21
1355,IGSF3
1356,IGSF8
1357,IGSF9
1358,IKBKG
1359,IKZF2
1360,IL10
1361,IL10RA
1362,IL10RB
1363,IL11
1364,IL12A_IL12B
1365,IL12B
1366,IL12RB1
1367,IL12RB2
1368,IL13
1369,IL13RA1
1370,IL13RA2
1371,IL15
1372,IL15RA
1373,IL16
1374,IL17A
1375,IL17C
1376,IL17D
1377,IL17F
1378,IL17RA
1379,IL17RB
1380,IL18
1381,IL18BP
1382,IL18R1
1383,IL18RAP
1384,IL19
1385,IL1A
1386,IL1B
1387,IL1R1
1388,IL1R2
1389,IL1RAP
1390,IL1RL1
1391,IL1RL2
1392,IL1RN
1393,IL2
1394,IL20
1395,IL20RA
1396,IL20RB
1397,IL21R
1398,IL22
1399,IL22RA1
1400,IL24
1401,IL25
1402,IL2RA
1403,IL2RB
1404,IL2RG
1405,IL3
1406,IL31
1407,IL31RA
1408,IL32
1409,IL33
1410,IL34
1411,IL36A
1412,IL36G
1413,IL3RA
1414,IL4
1415,IL4R
1416,IL5
1417,IL5RA
1418,IL6
1419,IL6R
1420,IL6ST
1421,IL7
1422,IL7R
1423,IL9
1424,ILKAP
1425,IMMT
1426,IMPA1
1427,IMPACT
1428,IMPG1
1429,ING1
1430,INHBB
1431,INHBC
1432,INPP1
1433,INPP5D
1434,INPP5J
1435,INPPL1
1436,INSL3
1437,INSL4
1438,INSL5
1439,INSR
1440,IPCEF1
1441,IQGAP2
1442,IRAG2
1443,IRAK1
1444,IRAK4
1445,ISLR2
1446,ISM1
1447,ISM2
1448,IST1
1449,ITGA11
1450,ITGA2
1451,ITGA5
1452,ITGA6
1453,ITGAL
1454,ITGAM
1455,ITGAV
1456,ITGAX
1457,ITGB1
1458,ITGB1BP1
1459,ITGB1BP2
1460,ITGB2
1461,ITGB5
1462,ITGB6
1463,ITGB7
1464,ITGBL1
1465,ITIH1
1466,ITIH3
1467,ITIH4
1468,ITIH5
1469,ITM2A
1470,ITPA
1471,ITPR1
1472,ITPRIP
1473,IVD
1474,IZUMO1
1475,JAM2
1476,JAM3
1477,JCHAIN
1478,JMJD1C
1479,JPT2
1480,JUN
1481,KAZALD1
1482,KAZN
1483,KCNC4
1484,KCNH2
1485,KCNIP4
1486,KCTD5
1487,KDM3A
1488,KDR
1489,KEL
1490,KHDC3L
1491,KHK
1492,KIAA0319
1493,KIAA1549
1494,KIAA1549L
1495,KIAA2013
1496,KIF1C
1497,KIF20B
1498,KIF22
1499,KIFBP
1500,KIR2DL2
1501,KIR2DL3
1502,KIR2DS4
1503,KIR3DL1
1504,KIR3DL2
1505,KIRREL1
1506,KIRREL2
1507,KIT
1508,KITLG
1509,KLB
1510,KLF4
1511,KLHL41
1512,KLK1
1513,KLK10
1514,KLK11
1515,KLK12
1516,KLK13
1517,KLK14
1518,KLK15
1519,KLK3
1520,KLK4
1521,KLK6
1522,KLK7
1523,KLK8
1524,KLKB1
1525,KLRB1
1526,KLRC1
1527,KLRD1
1528,KLRF1
1529,KLRK1
1530,KRT14
1531,KRT17
1532,KRT18
1533,KRT19
1534,KRT5
1535,KRT6C
1536,KRT8
1537,KYAT1
1538,KYNU
1539,L1CAM
1540,L3HYPDH
1541,LACRT
1542,LACTB2
1543,LAG3
1544,LAIR1
1545,LAIR2
1546,LAMA1
1547,LAMA4
1548,LAMB1
1549,LAMP1
1550,LAMP2
1551,LAMP3
1552,LAMTOR5
1553,LAP3
1554,LARP1
1555,LAT
1556,LAT2
1557,LATS1
1558,LAYN
1559,LBP
1560,LBR
1561,LCAT
1562,LCN15
1563,LCN2
1564,LCP1
1565,LDLR
1566,LDLRAP1
1567,LECT2
1568,LEFTY2
1569,LEG1
1570,LELP1
1571,LEO1
1572,LEP
1573,LEPR
1574,LETM1
1575,LGALS1
1576,LGALS3
1577,LGALS3BP
1578,LGALS4
1579,LGALS7_LGALS7B
1580,LGALS8
1581,LGALS9
1582,LGMN
1583,LHB
1584,LHPP
1585,LIF
1586,LIFR
1587,LILRA2
1588,LILRA3
1589,LILRA4
1590,LILRA5
1591,LILRA6
1592,LILRB1
1593,LILRB2
1594,LILRB4
1595,LILRB5
1596,LIPF
1597,LMNB1
1598,LMNB2
1599,LMOD1
1600,LMOD2
1601,LONP1
1602,LPA
1603,LPCAT2
1604,LPL
1605,LPO
1606,LPP
1607,LRCH4
1608,LRFN2
1609,LRG1
1610,LRIG1
1611,LRIG3
1612,LRP1
1613,LRP11
1614,LRP2
1615,LRP2BP
1616,LRPAP1
1617,LRRC25
1618,LRRC37A2
1619,LRRC38
1620,LRRC59
1621,LRRFIP1
1622,LRRN1
1623,LRTM1
1624,LRTM2
1625,LSM1
1626,LSM8
1627,LSP1
1628,LTA
1629,LTA4H
1630,LTB
1631,LTBP2
1632,LTBP3
1633,LTBR
1634,LTO1
1635,LUZP2
1636,LXN
1637,LY6D
1638,LY75
1639,LY9
1640,LY96
1641,LYAR
1642,LYN
1643,LYPD1
1644,LYPD3
1645,LYPD8
1646,LYPLA2
1647,LYSMD3
1648,LYVE1
1649,LYZL2
1650,LZTFL1
1651,M6PR
1652,MAD1L1
1653,MAEA
1654,MAG
1655,MAGEA3
1656,MAGED1
1657,MAMDC2
1658,MAMDC4
1659,MAN1A2
1660,MAN2B2
1661,MANEAL
1662,MANF
1663,MANSC1
1664,MANSC4
1665,MAP1LC3A
1666,MAP1LC3B2
1667,MAP2
1668,MAP2K1
1669,MAP2K6
1670,MAP3K5
1671,MAP4K5
1672,MAPK13
1673,MAPK9
1674,MAPKAPK2
1675,MAPRE3
1676,MAPT
1677,MARCO
1678,MARS1
1679,MASP1
1680,MATN2
1681,MATN3
1682,MAVS
1683,MAX
1684,MB
1685,MBL2
1686,MCAM
1687,MCEE
1688,MCEMP1
1689,MCFD2
1690,MCTS1
1691,MDGA1
1692,MDH1
1693,MDK
1694,MDM1
1695,MECR
1696,MED18
1697,MED21
1698,MEGF10
1699,MEGF11
1700,MEGF9
1701,MELTF
1702,MENT
1703,MEP1A
1704,MEP1B
1705,MEPE
1706,MERTK
1707,MESD
1708,MET
1709,METAP1
1710,METAP1D
1711,METAP2
1712,MFAP3
1713,MFAP3L
1714,MFAP4
1715,MFAP5
1716,MFGE8
1717,MGLL
1718,MGMT
1719,MIA
1720,MICALL2
1721,MICB_MICA
1722,MIF
1723,MILR1
1724,MINDY1
1725,MINK1
1726,MITD1
1727,MKI67
1728,MLLT1
1729,MLN
1730,MME
1731,MMP1
1732,MMP10
1733,MMP12
1734,MMP13
1735,MMP15
1736,MMP3
1737,MMP7
1738,MMP8
1739,MMP9
1740,MMUT
1741,MN1
1742,MNAT1
1743,MNDA
1744,MOCS2
1745,MOG
1746,MORC3
1747,MORF4L1
1748,MORF4L2
1749,MORN4
1750,MPHOSPH8
1751,MPI
1752,MPIG6B
1753,MPO
1754,MPRIP
1755,MRC1
1756,MRI1
1757,MRPL24
1758,MRPL28
1759,MRPL46
1760,MRPL52
1761,MRPL58
1762,MRPS16
1763,MSLN
1764,MSLNL
1765,MSMB
1766,MSR1
1767,MSRA
1768,MST1
1769,MSTN
1770,MTDH
1771,MTHFD2
1772,MTHFSD
1773,MTIF3
1774,MTPN
1775,MTR
1776,MTSS1
1777,MTSS2
1778,MTUS1
1779,MUC13
1780,MUC16
1781,MUC2
1782,MUCL3
1783,MVK
1784,MXRA8
1785,MYBPC1
1786,MYBPC2
1787,MYCBP2
1788,MYDGF
1789,MYH4
1790,MYH7B
1791,MYH9
1792,MYL1
1793,MYL3
1794,MYL4
1795,MYL6B
1796,MYLPF
1797,MYO6
1798,MYO9B
1799,MYOC
1800,MYOM1
1801,MYOM2
1802,MYOM3
1803,MZB1
1804,MZT1
1805,NAA10
1806,NAA80
1807,NAAA
1808,NACC1
1809,NADK
1810,NAGA
1811,NAGK
1812,NAGPA
1813,NAMPT
1814,NAP1L4
1815,NAPRT
1816,NARS1
1817,NBL1
1818,NBN
1819,NCAM1
1820,NCAM2
1821,NCAN
1822,NCF2
1823,NCK2
1824,NCLN
1825,NCR1
1826,NCR3LG1
1827,NCS1
1828,NDRG1
1829,NDST1
1830,NDUFA5
1831,NDUFB7
1832,NDUFS6
1833,NEB
1834,NECAP2
1835,NECTIN1
1836,NECTIN2
1837,NECTIN4
1838,NEDD4L
1839,NEDD9
1840,NEFL
1841,NEK7
1842,NELL1
1843,NELL2
1844,NENF
1845,NEO1
1846,NEXN
1847,NFASC
1848,NFAT5
1849,NFATC1
1850,NFATC3
1851,NFE2
1852,NFIC
1853,NFKB1
1854,NFKB2
1855,NFKBIE
1856,NFU1
1857,NFX1
1858,NFYA
1859,NGF
1860,NGFR
1861,NGRN
1862,NHLRC3
1863,NID1
1864,NID2
1865,NINJ1
1866,NIT1
1867,NIT2
1868,NLGN1
1869,NLGN2
1870,NME1
1871,NME3
1872,NMI
1873,NMNAT1
1874,NMRK2
1875,NMT1
1876,NOMO1
1877,NOP56
1878,NOS1
1879,NOS2
1880,NOS3
1881,NOTCH1
1882,NOTCH2
1883,NOTCH3
1884,NPC2
1885,NPDC1
1886,NPHS1
1887,NPHS2
1888,NPL
1889,NPM1
1890,NPPB
1891,NPPC
1892,NPR1
1893,NPTN
1894,NPTX1
1895,NPTX2
1896,NPTXR
1897,NPY
1898,NRCAM
1899,NRGN
1900,NRN1
1901,NRP1
1902,NRP2
1903,NRTN
1904,NRXN3
1905,NSFL1C
1906,NT5C
1907,NT5C1A
1908,NT5C3A
1909,NT5E
1910,NTF3
1911,NTF4
1912,NTproBNP
1913,NTRK2
1914,NTRK3
1915,NUB1
1916,NUBP1
1917,NUCB2
1918,NUDC
1919,NUDT10
1920,NUDT15
1921,NUDT16
1922,NUDT2
1923,NUDT5
1924,NUMB
1925,NUP50
1926,NXPE4
1927,NXPH1
1928,NXPH3
1929,OBP2B
1930,OCLN
1931,ODAM
1932,OFD1
1933,OGA
1934,OGFR
1935,OGN
1936,OGT
1937,OLFM4
1938,OLR1
1939,OMD
1940,OMG
1941,OMP
1942,OPHN1
1943,OPLAH
1944,OPTC
1945,ORM1
1946,OSBPL2
1947,OSCAR
1948,OSM
1949,OSMR
1950,OSTN
1951,OTOA
1952,OTUD6B
1953,OTUD7B
1954,OXCT1
1955,OXT
1956,P4HB
1957,PACS2
1958,PADI2
1959,PADI4
1960,PAEP
1961,PAFAH1B3
1962,PAFAH2
1963,PAG1
1964,PAGR1
1965,PAIP2B
1966,PAK4
1967,PALLD
1968,PALM
1969,PALM2
1970,PALM3
1971,PAM
1972,PAMR1
1973,PAPPA
1974,PARD3
1975,PARK7
1976,PARP1
1977,PAXX
1978,PBK
1979,PBLD
1980,PBXIP1
1981,PCARE
1982,PCBD1
1983,PCBP2
1984,PCDH1
1985,PCDH12
1986,PCDH17
1987,PCDH7
1988,PCDH9
1989,PCDHB15
1990,PCNA
1991,PCOLCE
1992,PCSK7
1993,PCSK9
1994,PCYT2
1995,PDAP1
1996,PDCD1
1997,PDCD1LG2
1998,PDCD5
1999,PDCD6
2000,PDCL2
2001,PDE1C
2002,PDE4D
2003,PDE5A
2004,PDGFA
2005,PDGFB
2006,PDGFC
2007,PDGFRA
2008,PDGFRB
2009,PDIA2
2010,PDIA3
2011,PDIA4
2012,PDIA5
2013,PDLIM5
2014,PDLIM7
2015,PDP1
2016,PDRG1
2017,PDXDC1
2018,PDZD2
2019,PDZK1
2020,PEAR1
2021,PEBP1
2022,PECAM1
2023,PECR
2024,PENK
2025,PEPD
2026,PER3
2027,PF4
2028,PFDN2
2029,PFDN4
2030,PFDN6
2031,PFKFB2
2032,PGA4
2033,PGD
2034,PGF
2035,PGLYRP1
2036,PGLYRP2
2037,PGLYRP4
2038,PGM2
2039,PGR
2040,PHACTR2
2041,PHLDB1
2042,PHLDB2
2043,PHOSPHO1
2044,PHYKPL
2045,PI16
2046,PI3
2047,PIBF1
2048,PIGR
2049,PIK3AP1
2050,PIK3IP1
2051,PIKFYVE
2052,PILRA
2053,PILRB
2054,PINLYP
2055,PITHD1
2056,PKD1
2057,PKD2
2058,PKLR
2059,PKN3
2060,PLA2G10
2061,PLA2G15
2062,PLA2G1B
2063,PLA2G2A
2064,PLA2G4A
2065,PLA2G7
2066,PLAT
2067,PLAU
2068,PLAUR
2069,PLB1
2070,PLCB1
2071,PLCB2
2072,PLEKHO1
2073,PLG
2074,PLIN1
2075,PLIN3
2076,PLPBP
2077,PLSCR3
2078,PLTP
2079,PLXDC1
2080,PLXDC2
2081,PLXNA4
2082,PLXNB2
2083,PLXNB3
2084,PM20D1
2085,PMCH
2086,PMM2
2087,PMS1
2088,PMVK
2089,PNLIP
2090,PNLIPRP1
2091,PNLIPRP2
2092,PNMA1
2093,PNMA2
2094,PNPT1
2095,PODXL
2096,PODXL2
2097,POF1B
2098,POLR2A
2099,POLR2F
2100,POMC
2101,PON1
2102,PON2
2103,PON3
2104,POSTN
2105,PPBP
2106,PPCDC
2107,PPIB
2108,PPIE
2109,PPIF
2110,PPL
2111,PPM1A
2112,PPM1B
2113,PPM1F
2114,PPME1
2115,PPP1CC
2116,PPP1R12A
2117,PPP1R12B
2118,PPP1R14A
2119,PPP1R14D
2120,PPP1R2
2121,PPP1R9B
2122,PPP2R5A
2123,PPP3R1
2124,PPT1
2125,PPY
2126,PQBP1
2127,PRAME
2128,PRAP1
2129,PRC1
2130,PRCP
2131,PRDX1
2132,PRDX2
2133,PRDX3
2134,PRDX5
2135,PRDX6
2136,PREB
2137,PRELP
2138,PRG2
2139,PRG3
2140,PRKAB1
2141,PRKAG3
2142,PRKAR1A
2143,PRKAR2A
2144,PRKCQ
2145,PRKD2
2146,PRKG1
2147,PRKRA
2148,PRL
2149,PRND
2150,PROC
2151,PROCR
2152,PROK1
2153,PROS1
2154,PRR4
2155,PRR5
2156,PRRT3
2157,PRSS2
2158,PRSS22
2159,PRSS27
2160,PRSS53
2161,PRSS8
2162,PRTFDC1
2163,PRTG
2164,PRTN3
2165,PRUNE2
2166,PSAP
2167,PSAPL1
2168,PSCA
2169,PSG1
2170,PSIP1
2171,PSMA1
2172,PSMC3
2173,PSMD1
2174,PSMD5
2175,PSMD9
2176,PSME1
2177,PSME2
2178,PSMG3
2179,PSMG4
2180,PSPN
2181,PSRC1
2182,PSTPIP2
2183,PTEN
2184,PTGDS
2185,PTGES2
2186,PTGR1
2187,PTH
2188,PTH1R
2189,PTK7
2190,PTN
2191,PTP4A3
2192,PTPN1
2193,PTPN6
2194,PTPN9
2195,PTPRB
2196,PTPRC
2197,PTPRF
2198,PTPRH
2199,PTPRK
2200,PTPRM
2201,PTPRN2
2202,PTPRR
2203,PTPRS
2204,PTPRZ1
2205,PTRHD1
2206,PTS
2207,PTTG1
2208,PTX3
2209,PVALB
2210,PVR
2211,PXDNL
2212,PXN
2213,PYDC1
2214,PYY
2215,PZP
2216,QDPR
2217,QPCT
2218,QSOX1
2219,RAB10
2220,RAB11FIP3
2221,RAB27B
2222,RAB2B
2223,RAB33A
2224,RAB37
2225,RAB39B
2226,RAB3GAP1
2227,RAB44
2228,RAB6A
2229,RAB6B
2230,RABEP1
2231,RABEPK
2232,RABGAP1L
2233,RAC3
2234,RAD23B
2235,RAD51
2236,RALB
2237,RALY
2238,RANBP1
2239,RANBP2
2240,RANGAP1
2241,RAP1A
2242,RAPGEF2
2243,RARRES1
2244,RARRES2
2245,RASA1
2246,RASGRF1
2247,RASSF2
2248,RBFOX3
2249,RBKS
2250,RBM17
2251,RBM19
2252,RBM25
2253,RBP1
2254,RBP2
2255,RBP5
2256,RBP7
2257,RBPMS
2258,RBPMS2
2259,RCC1
2260,RCOR1
2261,RECK
2262,REEP4
2263,REG1A
2264,REG1B
2265,REG3A
2266,REG3G
2267,REG4
2268,RELB
2269,RELT
2270,REN
2271,REPS1
2272,REST
2273,RET
2274,RETN
2275,REXO2
2276,RFC4
2277,RGCC
2278,RGL2
2279,RGMA
2280,RGMB
2281,RGS10
2282,RGS8
2283,RHOC
2284,RICTOR
2285,RIDA
2286,RILP
2287,RILPL2
2288,RIPK4
2289,RLN1
2290,RLN2
2291,RNASE1
2292,RNASE10
2293,RNASE3
2294,RNASE4
2295,RNASE6
2296,RNASEH2A
2297,RNASET2
2298,RNF149
2299,RNF168
2300,RNF31
2301,RNF4
2302,RNF41
2303,RNF43
2304,RNF5
2305,ROBO1
2306,ROBO2
2307,ROBO4
2308,ROR1
2309,RP2
2310,RPA2
2311,RPE
2312,RPGR
2313,RPL14
2314,RPS10
2315,RRAS
2316,RRM2
2317,RRM2B
2318,RRP15
2319,RSPO1
2320,RSPO3
2321,RTBDN
2322,RTKN2
2323,RTN4IP1
2324,RTN4R
2325,RUVBL1
2326,RWDD1
2327,RYR1
2328,S100A11
2329,S100A12
2330,S100A13
2331,S100A14
2332,S100A16
2333,S100A3
2334,S100A4
2335,S100G
2336,S100P
2337,SAA4
2338,SAFB2
2339,SAG
2340,SAMD9L
2341,SAP18
2342,SARG
2343,SART1
2344,SAT1
2345,SAT2
2346,SATB1
2347,SBSN
2348,SCAMP3
2349,SCARA5
2350,SCARB1
2351,SCARB2
2352,SCARF1
2353,SCARF2
2354,SCG2
2355,SCG3
2356,SCGB1A1
2357,SCGB2A2
2358,SCGB3A1
2359,SCGB3A2
2360,SCGN
2361,SCIN
2362,SCLY
2363,SCN2A
2364,SCN2B
2365,SCN3A
2366,SCN3B
2367,SCN4B
2368,SCP2
2369,SCPEP1
2370,SCRG1
2371,SCRIB
2372,SCRN1
2373,SCT
2374,SDC1
2375,SDC4
2376,SDCCAG8
2377,SDHB
2378,SDK2
2379,SEC31A
2380,SEL1L
2381,SELE
2382,SELENOP
2383,SELL
2384,SELP
2385,SELPLG
2386,SEMA3F
2387,SEMA3G
2388,SEMA4C
2389,SEMA4D
2390,SEMA6C
2391,SEMA7A
2392,SEPTIN3
2393,SEPTIN7
2394,SEPTIN8
2395,SEPTIN9
2396,SERPINA1
2397,SERPINA11
2398,SERPINA12
2399,SERPINA3
2400,SERPINA4
2401,SERPINA5
2402,SERPINA6
2403,SERPINA7
2404,SERPINA9
2405,SERPINB1
2406,SERPINB5
2407,SERPINB6
2408,SERPINB8
2409,SERPINB9
2410,SERPINC1
2411,SERPIND1
2412,SERPINE1
2413,SERPINE2
2414,SERPINF1
2415,SERPINF2
2416,SERPING1
2417,SERPINH1
2418,SERPINI1
2419,SERPINI2
2420,SESTD1
2421,SETMAR
2422,SEZ6
2423,SEZ6L
2424,SEZ6L2
2425,SF3B4
2426,SFRP1
2427,SFRP4
2428,SFTPA1
2429,SFTPA2
2430,SFTPD
2431,SGSH
2432,SH2B3
2433,SH2D1A
2434,SH3BGRL2
2435,SH3BP1
2436,SH3GL3
2437,SH3GLB2
2438,SHBG
2439,SHC1
2440,SHD
2441,SHH
2442,SHISA5
2443,SHMT1
2444,SHPK
2445,SIAE
2446,SIGLEC1
2447,SIGLEC10
2448,SIGLEC15
2449,SIGLEC5
2450,SIGLEC6
2451,SIGLEC7
2452,SIGLEC8
2453,SIGLEC9
2454,SIL1
2455,SIRPA
2456,SIRPB1
2457,SIRT1
2458,SIRT2
2459,SIRT5
2460,SIT1
2461,SKAP1
2462,SKAP2
2463,SKIV2L
2464,SLA2
2465,SLAMF1
2466,SLAMF6
2467,SLAMF7
2468,SLAMF8
2469,SLC12A2
2470,SLC13A1
2471,SLC16A1
2472,SLC1A4
2473,SLC27A4
2474,SLC28A1
2475,SLC34A3
2476,SLC39A14
2477,SLC39A5
2478,SLC44A4
2479,SLC4A1
2480,SLC51B
2481,SLC9A3R1
2482,SLC9A3R2
2483,SLIRP
2484,SLIT2
2485,SLITRK1
2486,SLITRK2
2487,SLITRK6
2488,SLK
2489,SLMAP
2490,SLURP1
2491,SMAD1
2492,SMAD2
2493,SMAD3
2494,SMAD5
2495,SMARCA2
2496,SMC3
2497,SMNDC1
2498,SMOC1
2499,SMOC2
2500,SMPD1
2501,SMPD3
2502,SMPDL3A
2503,SMPDL3B
2504,SMS
2505,SMTN
2506,SNAP23
2507,SNAP25
2508,SNAP29
2509,SNAPIN
2510,SNCA
2511,SNCG
2512,SNED1
2513,SNRPB2
2514,SNU13
2515,SNX15
2516,SNX18
2517,SNX2
2518,SNX5
2519,SNX9
2520,SOD1
2521,SOD2
2522,SOD3
2523,SORBS1
2524,SORCS2
2525,SORD
2526,SORT1
2527,SOST
2528,SOWAHA
2529,SOX2
2530,SOX9
2531,SPACA5_SPACA5B
2532,SPAG1
2533,SPARC
2534,SPARCL1
2535,SPART
2536,SPESP1
2537,SPINK1
2538,SPINK2
2539,SPINK4
2540,SPINK5
2541,SPINK6
2542,SPINK8
2543,SPINT1
2544,SPINT2
2545,SPINT3
2546,SPOCK1
2547,SPON1
2548,SPON2
2549,SPP1
2550,SPRED2
2551,SPRING1
2552,SPRR1B
2553,SPRR3
2554,SPRY2
2555,SPTBN2
2556,SPTLC1
2557,SRC
2558,SRP14
2559,SRPK2
2560,SRPX
2561,SSB
2562,SSBP1
2563,SSC4D
2564,SSC5D
2565,SSH3
2566,SSNA1
2567,ST13
2568,ST3GAL1
2569,ST6GAL1
2570,ST8SIA1
2571,STAB2
2572,STAM
2573,STAMBP
2574,STAT2
2575,STAT5B
2576,STAU1
2577,STC1
2578,STC2
2579,STEAP4
2580,STIP1
2581,STK11
2582,STK24
2583,STK4
2584,STOML2
2585,STX16
2586,STX1B
2587,STX3
2588,STX4
2589,STX5
2590,STX6
2591,STX7
2592,STX8
2593,STXBP1
2594,STXBP3
2595,SUGP1
2596,SUGT1
2597,SULT1A1
2598,SULT2A1
2599,SUMF1
2600,SUMF2
2601,SUOX
2602,SUSD1
2603,SUSD2
2604,SUSD4
2605,SUSD5
2606,SV2A
2607,SWAP70
2608,SYAP1
2609,SYNGAP1
2610,SYT1
2611,SYTL4
2612,TAB2
2613,TACC3
2614,TACSTD2
2615,TADA3
2616,TAFA5
2617,TAGLN3
2618,TALDO1
2619,TANK
2620,TAP1
2621,TARBP2
2622,TARM1
2623,TARS1
2624,TAX1BP1
2625,TBC1D17
2626,TBC1D23
2627,TBC1D5
2628,TBCA
2629,TBCB
2630,TBCC
2631,TBL1X
2632,TBR1
2633,TCL1A
2634,TCL1B
2635,TCN1
2636,TCN2
2637,TCOF1
2638,TCP11
2639,TCTN3
2640,TDGF1
2641,TDO2
2642,TDP1
2643,TDRKH
2644,TEF
2645,TEK
2646,TERF1
2647,TET2
2648,TEX101
2649,TEX33
2650,TF
2651,TFAP2A
2652,TFF1
2653,TFF2
2654,TFF3
2655,TFPI
2656,TFPI2
2657,TFRC
2658,TG
2659,TGFA
2660,TGFB1
2661,TGFB2
2662,TGFBI
2663,TGFBR1
2664,TGFBR2
2665,TGFBR3
2666,TGM2
2667,TGOLN2
2668,THAP12
2669,THBD
2670,THBS2
2671,THBS4
2672,THOP1
2673,THPO
2674,THRAP3
2675,THSD1
2676,THTPA
2677,THY1
2678,TIA1
2679,TIE1
2680,TIGAR
2681,TIGIT
2682,TIMD4
2683,TIMM10
2684,TIMM8A
2685,TIMP1
2686,TIMP2
2687,TIMP3
2688,TIMP4
2689,TINAGL1
2690,TJAP1
2691,TJP3
2692,TK1
2693,TLR1
2694,TLR2
2695,TLR3
2696,TLR4
2697,TMCO5A
2698,TMED1
2699,TMED10
2700,TMED4
2701,TMED8
2702,TMEM106A
2703,TMEM132A
2704,TMEM25
2705,TMOD4
2706,TMPRSS11B
2707,TMPRSS11D
2708,TMPRSS15
2709,TMPRSS5
2710,TMSB10
2711,TNC
2712,TNF
2713,TNFAIP2
2714,TNFAIP8
2715,TNFAIP8L2
2716,TNFRSF10A
2717,TNFRSF10B
2718,TNFRSF10C
2719,TNFRSF11A
2720,TNFRSF11B
2721,TNFRSF12A
2722,TNFRSF13B
2723,TNFRSF13C
2724,TNFRSF14
2725,TNFRSF17
2726,TNFRSF19
2727,TNFRSF1A
2728,TNFRSF1B
2729,TNFRSF21
2730,TNFRSF4
2731,TNFRSF6B
2732,TNFRSF8
2733,TNFRSF9
2734,TNFSF10
2735,TNFSF11
2736,TNFSF12
2737,TNFSF13
2738,TNFSF13B
2739,TNFSF14
2740,TNFSF8
2741,TNIP1
2742,TNN
2743,TNNI3
2744,TNPO1
2745,TNR
2746,TNXB
2747,TOMM20
2748,TOP1
2749,TOP1MT
2750,TOP2B
2751,TOR1AIP1
2752,TP53
2753,TP53BP1
2754,TP53I3
2755,TP53INP1
2756,TP73
2757,TPBGL
2758,TPD52L2
2759,TPK1
2760,TPM3
2761,TPMT
2762,TPP1
2763,TPPP2
2764,TPPP3
2765,TPR
2766,TPRKB
2767,TPSAB1
2768,TPSD1
2769,TPSG1
2770,TPT1
2771,TRAF2
2772,TRAF3
2773,TRAF3IP2
2774,TRDMT1
2775,TREH
2776,TREM2
2777,TREML1
2778,TREML2
2779,TRIAP1
2780,TRIM21
2781,TRIM24
2782,TRIM25
2783,TRIM26
2784,TRIM40
2785,TRIM5
2786,TRIM58
2787,TRPV3
2788,TSC1
2789,TSC22D1
2790,TSHB
2791,TSLP
2792,TSNAX
2793,TSPAN1
2794,TSPAN15
2795,TSPAN7
2796,TSPAN8
2797,TSPYL1
2798,TST
2799,TTF2
2800,TTN
2801,TTR
2802,TUBB3
2803,TWF2
2804,TXK
2805,TXLNA
2806,TXN
2807,TXNDC15
2808,TXNDC5
2809,TXNDC9
2810,TXNL1
2811,TXNRD1
2812,TYMP
2813,TYRO3
2814,TYRP1
2815,UBAC1
2816,UBE2B
2817,UBE2L6
2818,UBE2Z
2819,UBQLN3
2820,UBXN1
2821,UFD1
2822,UGDH
2823,UHRF2
2824,ULBP2
2825,UMOD
2826,UNC5D
2827,UNC79
2828,UNG
2829,UPB1
2830,UPK3A
2831,UPK3BL1
2832,UROD
2833,UROS
2834,USO1
2835,USP25
2836,USP28
2837,USP47
2838,USP8
2839,UXS1
2840,VAMP5
2841,VAMP8
2842,VASH1
2843,VASN
2844,VASP
2845,VAT1
2846,VAV3
2847,VCAM1
2848,VCAN
2849,VCPKMT
2850,VEGFA
2851,VEGFB
2852,VEGFC
2853,VEGFD
2854,VGF
2855,VIM
2856,VIPR1
2857,VIT
2858,VMO1
2859,VNN1
2860,VNN2
2861,VPS28
2862,VPS37A
2863,VPS4B
2864,VPS53
2865,VSIG10
2866,VSIG10L
2867,VSIG2
2868,VSIG4
2869,VSIR
2870,VSNL1
2871,VSTM1
2872,VSTM2B
2873,VSTM2L
2874,VTA1
2875,VTCN1
2876,VTI1A
2877,VWA1
2878,VWA5A
2879,VWC2
2880,VWC2L
2881,VWF
2882,WARS
2883,WAS
2884,WASF1
2885,WASF3
2886,WASHC3
2887,WASL
2888,WDR46
2889,WFDC1
2890,WFDC12
2891,WFDC2
2892,WFIKKN1
2893,WFIKKN2
2894,WIF1
2895,WNT9A
2896,WWP2
2897,XCL1
2898,XG
2899,XIAP
2900,XPNPEP2
2901,XRCC4
2902,YAP1
2903,YARS1
2904,YES1
2905,YJU2
2906,YOD1
2907,YTHDF3
2908,YWHAQ
2909,YY1
2910,ZBP1
2911,ZBTB16
2912,ZBTB17
2913,ZCCHC8
2914,ZFYVE19
2915,ZHX2
2916,ZNF174
2917,ZNF75D
2918,ZNF830
2919,ZNRD2
2920,ZNRF4
2921,ZP3
2922,ZP4
2923,ZPR1
